,Morning,Noon,Afternoon,Evening,Night
Flag_6,0.2234299039563653,0.1708283356958528,0.1399271996987574,0.0873504082317414,0.1327448507776376
Flag_17,0.005810047033714,0.0015992439937484,-0.0329107568720974,-0.049658874846214,-0.0008266778758582
