,Morning,Noon,Afternoon,Evening,Night
Flag_6,0.2897513932255642,0.2567877003598299,0.2781222542989833,0.2593669611900235,0.263710242398767
Flag_17,0.3014900596814355,0.2726711009341039,0.2595958328103426,0.2393747902919136,0.2475830180748213
