,Morning,Noon,Afternoon,Evening,Night
Flag_6,0.2139836370103948,0.2457747246756079,0.2431781097025229,0.1681858852477351,0.1957965531736023
Flag_17,0.0761629975099798,0.071929633264275,0.0009539349817999,-0.0028799910524549,0.0309373686422866
