,Morning,Noon,Afternoon,Evening,Night
Flag_6,0.155092684083633,0.2931705012176062,0.1932471444709426,0.2162509786377362,0.2153565924057727
Flag_17,0.0668748270819335,0.2225493403118525,0.2018827664114472,0.2003690862319651,0.2153145579375087
