,Morning,Noon,Afternoon,Evening,Night
Flag_6,0.3540176277617485,0.3901428415658052,0.3829546880883645,0.3844927860418298,0.4034047919293821
Flag_17,0.2324018813485633,0.2334169301784611,0.1932471444709426,0.3176378481154233,0.1657278968754378
